date,store_id,item_id,price,promo,sales_volume
2022-01-01,101,WidgetA,24.98,1,21
2022-01-01,101,WidgetB,16.24,0,21
2022-01-01,101,WidgetC,10.82,1,16
2022-01-01,102,WidgetA,17.34,0,19
2022-01-01,102,WidgetB,34.47,0,6
2022-01-01,102,WidgetC,34.3,0,6
2022-01-01,103,WidgetA,14.88,0,6
2022-01-01,103,WidgetB,48.78,1,27
2022-01-01,103,WidgetC,46.87,0,2
2022-01-02,101,WidgetA,20.85,1,17
2022-01-02,101,WidgetB,15.64,1,3
2022-01-02,101,WidgetC,42.62,1,24
2022-01-02,102,WidgetA,24.34,0,22
2022-01-02,102,WidgetB,12.54,0,23
2022-01-02,102,WidgetC,45.49,0,7
2022-01-02,103,WidgetA,14.32,0,17
2022-01-02,103,WidgetB,46.3,0,24
2022-01-02,103,WidgetC,13.08,0,11
2022-01-03,101,WidgetA,19.12,0,26
2022-01-03,101,WidgetB,30.43,0,4
2022-01-03,101,WidgetC,38.12,0,32
2022-01-03,102,WidgetA,29.89,0,3
2022-01-03,102,WidgetB,21.15,1,6
2022-01-03,102,WidgetC,39.13,0,22
2022-01-03,103,WidgetA,13.61,1,15
2022-01-03,103,WidgetB,33.64,0,5
2022-01-03,103,WidgetC,47.47,0,14
2022-01-04,101,WidgetA,45.09,0,25
2022-01-04,101,WidgetB,31.19,0,10
2022-01-04,101,WidgetC,16.47,1,22
2022-01-04,102,WidgetA,16.43,0,22
2022-01-04,102,WidgetB,38.49,0,23
2022-01-04,102,WidgetC,43.97,0,13
2022-01-04,103,WidgetA,20.61,0,18
2022-01-04,103,WidgetB,35.25,1,21
2022-01-04,103,WidgetC,17.81,1,2
2022-01-05,101,WidgetA,47.62,1,18
2022-01-05,101,WidgetB,47.13,0,17
2022-01-05,101,WidgetC,44.05,0,7
2022-01-05,102,WidgetA,30.73,1,23
2022-01-05,102,WidgetB,24.38,0,27
2022-01-05,102,WidgetC,30.06,1,23
2022-01-05,103,WidgetA,45.6,0,13
2022-01-05,103,WidgetB,11.44,0,17
2022-01-05,103,WidgetC,11.22,0,18
2022-01-06,101,WidgetA,30.89,1,2
2022-01-06,101,WidgetB,31.25,0,20
2022-01-06,101,WidgetC,41.81,0,12
2022-01-06,102,WidgetA,48.51,1,19
2022-01-06,102,WidgetB,16.26,0,23
2022-01-06,102,WidgetC,21.2,1,21
2022-01-06,103,WidgetA,26.78,0,24
2022-01-06,103,WidgetB,14.64,0,5
2022-01-06,103,WidgetC,16.93,0,21
2022-01-07,101,WidgetA,11.81,0,20
2022-01-07,101,WidgetB,36.35,0,4
2022-01-07,101,WidgetC,25.53,0,27
2022-01-07,102,WidgetA,12.77,0,2
2022-01-07,102,WidgetB,22.76,1,7
2022-01-07,102,WidgetC,21.28,0,19
2022-01-07,103,WidgetA,41.06,0,26
2022-01-07,103,WidgetB,40.03,1,6
2022-01-07,103,WidgetC,46.22,0,21
2022-01-08,101,WidgetA,27.94,0,22
2022-01-08,101,WidgetB,41.66,1,4
2022-01-08,101,WidgetC,24.04,0,3
2022-01-08,102,WidgetA,38.04,0,23
2022-01-08,102,WidgetB,13.39,1,18
2022-01-08,102,WidgetC,47.89,1,18
2022-01-08,103,WidgetA,41.09,0,27
2022-01-08,103,WidgetB,29.71,0,11
2022-01-08,103,WidgetC,14.7,0,18
2022-01-09,101,WidgetA,44.74,0,12
2022-01-09,101,WidgetB,48.77,0,23
2022-01-09,101,WidgetC,35.1,0,9
2022-01-09,102,WidgetA,48.02,1,22
2022-01-09,102,WidgetB,17.52,0,21
2022-01-09,102,WidgetC,48.98,1,20
2022-01-09,103,WidgetA,42.55,0,8
2022-01-09,103,WidgetB,11.05,0,21
2022-01-09,103,WidgetC,48.8,1,20
2022-01-10,101,WidgetA,20.94,0,25
2022-01-10,101,WidgetB,28.02,0,21
2022-01-10,101,WidgetC,36.87,0,14
2022-01-10,102,WidgetA,30.81,1,25
2022-01-10,102,WidgetB,32.44,1,14
2022-01-10,102,WidgetC,40.21,0,16
2022-01-10,103,WidgetA,10.58,0,18
2022-01-10,103,WidgetB,46.17,0,24
2022-01-10,103,WidgetC,34.88,1,20
2022-01-11,101,WidgetA,28.37,1,18
2022-01-11,101,WidgetB,19.61,0,2
2022-01-11,101,WidgetC,35.63,0,27
2022-01-11,102,WidgetA,36.7,0,2
2022-01-11,102,WidgetB,17.08,0,5
2022-01-11,102,WidgetC,41.98,0,6
2022-01-11,103,WidgetA,18.37,0,22
2022-01-11,103,WidgetB,28.5,1,5
2022-01-11,103,WidgetC,27.9,0,2
2022-01-12,101,WidgetA,22.88,0,14
2022-01-12,101,WidgetB,33.74,0,20
2022-01-12,101,WidgetC,31.48,0,19
2022-01-12,102,WidgetA,21.35,0,21
2022-01-12,102,WidgetB,49.46,0,2
2022-01-12,102,WidgetC,16.43,0,3
2022-01-12,103,WidgetA,26.42,1,8
2022-01-12,103,WidgetB,32.86,0,15
2022-01-12,103,WidgetC,27.02,0,4
2022-01-13,101,WidgetA,29.25,0,2
2022-01-13,101,WidgetB,49.6,0,16
2022-01-13,101,WidgetC,40.41,0,19
2022-01-13,102,WidgetA,47.18,1,14
2022-01-13,102,WidgetB,47.53,0,6
2022-01-13,102,WidgetC,16.57,1,20
2022-01-13,103,WidgetA,45.09,0,19
2022-01-13,103,WidgetB,28.51,0,20
2022-01-13,103,WidgetC,45.98,0,27
2022-01-14,101,WidgetA,14.68,1,18
2022-01-14,101,WidgetB,41.76,0,15
2022-01-14,101,WidgetC,19.94,1,7
2022-01-14,102,WidgetA,25.89,1,7
2022-01-14,102,WidgetB,17.26,1,19
2022-01-14,102,WidgetC,47.89,0,20
2022-01-14,103,WidgetA,10.72,1,21
2022-01-14,103,WidgetB,46.9,1,7
2022-01-14,103,WidgetC,49.39,1,5
2022-01-15,101,WidgetA,23.41,1,6
2022-01-15,101,WidgetB,28.09,0,14
2022-01-15,101,WidgetC,29.93,0,18
2022-01-15,102,WidgetA,35.29,0,14
2022-01-15,102,WidgetB,13.41,1,21
2022-01-15,102,WidgetC,40.0,0,16
2022-01-15,103,WidgetA,11.46,0,19
2022-01-15,103,WidgetB,27.63,0,15
2022-01-15,103,WidgetC,44.47,1,17
2022-01-16,101,WidgetA,26.35,0,3
2022-01-16,101,WidgetB,19.24,0,4
2022-01-16,101,WidgetC,13.98,0,25
2022-01-16,102,WidgetA,25.89,0,2
2022-01-16,102,WidgetB,13.42,0,6
2022-01-16,102,WidgetC,25.19,0,7
2022-01-16,103,WidgetA,44.74,0,24
2022-01-16,103,WidgetB,10.9,0,22
2022-01-16,103,WidgetC,15.57,1,20
2022-01-17,101,WidgetA,20.89,0,14
2022-01-17,101,WidgetB,20.96,0,25
2022-01-17,101,WidgetC,10.44,0,26
2022-01-17,102,WidgetA,34.02,0,4
2022-01-17,102,WidgetB,16.65,1,4
2022-01-17,102,WidgetC,38.76,0,20
2022-01-17,103,WidgetA,47.47,1,2
2022-01-17,103,WidgetB,12.06,0,18
2022-01-17,103,WidgetC,14.26,0,20
2022-01-18,101,WidgetA,27.39,0,24
2022-01-18,101,WidgetB,20.89,0,19
2022-01-18,101,WidgetC,31.68,1,24
2022-01-18,102,WidgetA,37.69,1,4
2022-01-18,102,WidgetB,38.22,1,4
2022-01-18,102,WidgetC,46.98,1,20
2022-01-18,103,WidgetA,43.78,0,16
2022-01-18,103,WidgetB,13.08,0,23
2022-01-18,103,WidgetC,22.61,0,17
2022-01-19,101,WidgetA,45.44,0,2
2022-01-19,101,WidgetB,44.99,0,18
2022-01-19,101,WidgetC,26.08,0,24
2022-01-19,102,WidgetA,26.85,1,3
2022-01-19,102,WidgetB,19.34,0,7
2022-01-19,102,WidgetC,26.7,1,19
2022-01-19,103,WidgetA,16.68,1,6
2022-01-19,103,WidgetB,17.46,1,19
2022-01-19,103,WidgetC,37.84,0,16
2022-01-20,101,WidgetA,31.48,0,13
2022-01-20,101,WidgetB,20.62,0,25
2022-01-20,101,WidgetC,32.03,0,18
2022-01-20,102,WidgetA,38.94,0,4
2022-01-20,102,WidgetB,29.22,0,18
2022-01-20,102,WidgetC,32.63,0,24
2022-01-20,103,WidgetA,44.02,1,25
2022-01-20,103,WidgetB,37.21,0,15
2022-01-20,103,WidgetC,44.87,0,14
2022-01-21,101,WidgetA,39.74,0,25
2022-01-21,101,WidgetB,10.26,0,17
2022-01-21,101,WidgetC,31.6,1,8
2022-01-21,102,WidgetA,12.71,0,18
2022-01-21,102,WidgetB,11.83,1,14
2022-01-21,102,WidgetC,10.98,0,20
2022-01-21,103,WidgetA,37.33,0,6
2022-01-21,103,WidgetB,13.3,0,15
2022-01-21,103,WidgetC,47.74,0,19
2022-01-22,101,WidgetA,49.36,0,16
2022-01-22,101,WidgetB,11.25,0,26
2022-01-22,101,WidgetC,48.73,0,25
2022-01-22,102,WidgetA,35.05,0,5
2022-01-22,102,WidgetB,37.42,0,3
2022-01-22,102,WidgetC,41.9,0,18
2022-01-22,103,WidgetA,34.0,0,13
2022-01-22,103,WidgetB,49.47,0,22
2022-01-22,103,WidgetC,32.39,0,20
2022-01-23,101,WidgetA,24.03,0,5
2022-01-23,101,WidgetB,16.7,0,23
2022-01-23,101,WidgetC,47.45,0,23
2022-01-23,102,WidgetA,23.58,1,7
2022-01-23,102,WidgetB,12.41,0,6
2022-01-23,102,WidgetC,29.93,0,16
2022-01-23,103,WidgetA,12.89,0,8
2022-01-23,103,WidgetB,44.68,0,23
2022-01-23,103,WidgetC,44.94,1,17
2022-01-24,101,WidgetA,46.49,0,22
2022-01-24,101,WidgetB,15.26,1,15
2022-01-24,101,WidgetC,48.86,0,20
2022-01-24,102,WidgetA,44.83,0,18
2022-01-24,102,WidgetB,16.54,0,17
2022-01-24,102,WidgetC,23.01,1,4
2022-01-24,103,WidgetA,30.79,0,19
2022-01-24,103,WidgetB,34.69,1,1
2022-01-24,103,WidgetC,39.46,0,21
2022-01-25,101,WidgetA,18.23,0,3
2022-01-25,101,WidgetB,14.88,0,17
2022-01-25,101,WidgetC,11.66,0,32
2022-01-25,102,WidgetA,48.07,0,19
2022-01-25,102,WidgetB,29.55,0,2
2022-01-25,102,WidgetC,18.07,0,13
2022-01-25,103,WidgetA,27.75,1,8
2022-01-25,103,WidgetB,47.24,0,16
2022-01-25,103,WidgetC,25.75,0,7
2022-01-26,101,WidgetA,39.54,1,18
2022-01-26,101,WidgetB,42.31,1,19
2022-01-26,101,WidgetC,14.81,0,5
2022-01-26,102,WidgetA,19.5,0,5
2022-01-26,102,WidgetB,44.53,0,18
2022-01-26,102,WidgetC,33.21,0,27
2022-01-26,103,WidgetA,47.08,0,18
2022-01-26,103,WidgetB,29.43,0,6
2022-01-26,103,WidgetC,26.54,0,4
2022-01-27,101,WidgetA,32.69,0,20
2022-01-27,101,WidgetB,32.01,0,30
2022-01-27,101,WidgetC,42.77,1,6
2022-01-27,102,WidgetA,41.22,0,19
2022-01-27,102,WidgetB,13.82,0,21
2022-01-27,102,WidgetC,39.47,1,1
2022-01-27,103,WidgetA,35.68,0,16
2022-01-27,103,WidgetB,33.78,0,14
2022-01-27,103,WidgetC,26.17,0,14
2022-01-28,101,WidgetA,38.97,0,2
2022-01-28,101,WidgetB,17.67,0,3
2022-01-28,101,WidgetC,42.01,0,26
2022-01-28,102,WidgetA,31.32,0,22
2022-01-28,102,WidgetB,39.23,0,6
2022-01-28,102,WidgetC,28.01,1,22
2022-01-28,103,WidgetA,47.09,0,28
2022-01-28,103,WidgetB,43.68,0,13
2022-01-28,103,WidgetC,15.11,1,23
2022-01-29,101,WidgetA,22.13,0,13
2022-01-29,101,WidgetB,32.15,0,19
2022-01-29,101,WidgetC,30.63,1,14
2022-01-29,102,WidgetA,25.22,1,24
2022-01-29,102,WidgetB,22.19,0,15
2022-01-29,102,WidgetC,23.84,1,25
2022-01-29,103,WidgetA,44.48,1,21
2022-01-29,103,WidgetB,16.99,0,14
2022-01-29,103,WidgetC,12.73,0,7
2022-01-30,101,WidgetA,35.63,0,22
2022-01-30,101,WidgetB,12.45,1,11
2022-01-30,101,WidgetC,49.35,0,2
2022-01-30,102,WidgetA,37.69,0,21
2022-01-30,102,WidgetB,34.96,0,19
2022-01-30,102,WidgetC,24.71,0,23
2022-01-30,103,WidgetA,10.44,0,24
2022-01-30,103,WidgetB,31.41,0,6
2022-01-30,103,WidgetC,28.18,1,5
2022-01-31,101,WidgetA,25.78,0,24
2022-01-31,101,WidgetB,37.53,0,5
2022-01-31,101,WidgetC,45.8,0,11
2022-01-31,102,WidgetA,16.01,1,22
2022-01-31,102,WidgetB,13.39,1,1
2022-01-31,102,WidgetC,48.26,1,17
2022-01-31,103,WidgetA,40.99,0,4
2022-01-31,103,WidgetB,10.84,0,17
2022-01-31,103,WidgetC,34.99,0,5
2022-02-01,101,WidgetA,48.74,1,7
2022-02-01,101,WidgetB,47.12,0,19
2022-02-01,101,WidgetC,34.52,1,4
2022-02-01,102,WidgetA,42.64,1,28
2022-02-01,102,WidgetB,40.2,0,23
2022-02-01,102,WidgetC,36.25,0,9
2022-02-01,103,WidgetA,15.27,1,16
2022-02-01,103,WidgetB,43.63,1,21
2022-02-01,103,WidgetC,21.9,0,26
2022-02-02,101,WidgetA,40.44,0,13
2022-02-02,101,WidgetB,42.0,0,23
2022-02-02,101,WidgetC,17.52,0,21
2022-02-02,102,WidgetA,40.44,0,18
2022-02-02,102,WidgetB,15.96,0,19
2022-02-02,102,WidgetC,45.45,0,19
2022-02-02,103,WidgetA,10.13,0,24
2022-02-02,103,WidgetB,33.53,0,11
2022-02-02,103,WidgetC,32.46,0,22
2022-02-03,101,WidgetA,20.79,1,12
2022-02-03,101,WidgetB,23.37,1,24
2022-02-03,101,WidgetC,27.61,0,19
2022-02-03,102,WidgetA,18.82,0,22
2022-02-03,102,WidgetB,35.45,1,6
2022-02-03,102,WidgetC,23.38,0,6
2022-02-03,103,WidgetA,44.91,1,4
2022-02-03,103,WidgetB,39.12,0,23
2022-02-03,103,WidgetC,16.36,0,4
2022-02-04,101,WidgetA,21.29,0,6
2022-02-04,101,WidgetB,29.5,0,6
2022-02-04,101,WidgetC,36.55,1,29
2022-02-04,102,WidgetA,26.75,0,22
2022-02-04,102,WidgetB,32.61,0,21
2022-02-04,102,WidgetC,14.56,0,5
2022-02-04,103,WidgetA,38.91,0,21
2022-02-04,103,WidgetB,28.33,0,7
2022-02-04,103,WidgetC,30.5,1,16
2022-02-05,101,WidgetA,16.59,0,20
2022-02-05,101,WidgetB,45.11,1,16
2022-02-05,101,WidgetC,49.4,1,5
2022-02-05,102,WidgetA,36.27,1,16
2022-02-05,102,WidgetB,21.49,1,22
2022-02-05,102,WidgetC,25.84,1,15
2022-02-05,103,WidgetA,41.73,0,27
2022-02-05,103,WidgetB,49.34,0,5
2022-02-05,103,WidgetC,13.34,1,22
2022-02-06,101,WidgetA,16.64,1,15
2022-02-06,101,WidgetB,32.39,0,26
2022-02-06,101,WidgetC,39.26,0,25
2022-02-06,102,WidgetA,38.41,0,25
2022-02-06,102,WidgetB,24.31,0,18
2022-02-06,102,WidgetC,38.48,1,3
2022-02-06,103,WidgetA,39.95,0,18
2022-02-06,103,WidgetB,28.85,1,14
2022-02-06,103,WidgetC,23.0,0,5
2022-02-07,101,WidgetA,37.77,0,16
2022-02-07,101,WidgetB,22.16,0,24
2022-02-07,101,WidgetC,20.41,1,21
2022-02-07,102,WidgetA,27.88,0,21
2022-02-07,102,WidgetB,49.07,0,28
2022-02-07,102,WidgetC,44.33,0,23
2022-02-07,103,WidgetA,43.18,0,20
2022-02-07,103,WidgetB,19.68,0,17
2022-02-07,103,WidgetC,21.89,0,25
2022-02-08,101,WidgetA,33.73,1,3
2022-02-08,101,WidgetB,33.31,1,20
2022-02-08,101,WidgetC,43.25,0,7
2022-02-08,102,WidgetA,22.68,0,21
2022-02-08,102,WidgetB,27.74,0,21
2022-02-08,102,WidgetC,19.5,0,8
2022-02-08,103,WidgetA,20.18,0,9
2022-02-08,103,WidgetB,21.07,1,20
2022-02-08,103,WidgetC,34.43,0,1
2022-02-09,101,WidgetA,10.31,0,5
2022-02-09,101,WidgetB,47.27,0,5
2022-02-09,101,WidgetC,38.09,1,7
2022-02-09,102,WidgetA,42.95,1,10
2022-02-09,102,WidgetB,12.38,0,14
2022-02-09,102,WidgetC,28.25,0,3
2022-02-09,103,WidgetA,24.19,1,22
2022-02-09,103,WidgetB,33.75,0,27
2022-02-09,103,WidgetC,44.95,1,3
2022-02-10,101,WidgetA,10.47,0,3
2022-02-10,101,WidgetB,32.35,0,22
2022-02-10,101,WidgetC,37.7,0,17
2022-02-10,102,WidgetA,41.56,0,27
2022-02-10,102,WidgetB,22.75,0,21
2022-02-10,102,WidgetC,37.54,0,4
2022-02-10,103,WidgetA,11.02,0,18
2022-02-10,103,WidgetB,26.39,0,21
2022-02-10,103,WidgetC,18.72,1,23
2022-02-11,101,WidgetA,29.42,0,32
2022-02-11,101,WidgetB,11.56,0,15
2022-02-11,101,WidgetC,40.25,0,8
2022-02-11,102,WidgetA,48.45,0,18
2022-02-11,102,WidgetB,16.17,0,19
2022-02-11,102,WidgetC,20.37,0,6
2022-02-11,103,WidgetA,27.76,0,26
2022-02-11,103,WidgetB,32.78,0,3
2022-02-11,103,WidgetC,19.11,1,23
2022-02-12,101,WidgetA,44.8,0,14
2022-02-12,101,WidgetB,21.03,1,14
2022-02-12,101,WidgetC,49.24,0,21
2022-02-12,102,WidgetA,21.43,0,18
2022-02-12,102,WidgetB,29.69,0,16
2022-02-12,102,WidgetC,44.16,0,27
2022-02-12,103,WidgetA,45.34,0,23
2022-02-12,103,WidgetB,37.7,0,5
2022-02-12,103,WidgetC,49.91,0,17
2022-02-13,101,WidgetA,39.51,1,24
2022-02-13,101,WidgetB,40.64,1,13
2022-02-13,101,WidgetC,13.11,0,11
2022-02-13,102,WidgetA,14.44,1,20
2022-02-13,102,WidgetB,13.07,0,23
2022-02-13,102,WidgetC,12.92,0,6
2022-02-13,103,WidgetA,29.06,0,18
2022-02-13,103,WidgetB,14.92,1,19
2022-02-13,103,WidgetC,34.99,0,16
2022-02-14,101,WidgetA,42.9,1,20
2022-02-14,101,WidgetB,41.01,0,17
2022-02-14,101,WidgetC,35.18,0,17
2022-02-14,102,WidgetA,30.45,0,3
2022-02-14,102,WidgetB,19.87,1,13
2022-02-14,102,WidgetC,20.82,1,19
2022-02-14,103,WidgetA,25.09,1,5
2022-02-14,103,WidgetB,16.68,1,30
2022-02-14,103,WidgetC,21.92,0,22
2022-02-15,101,WidgetA,24.4,1,19
2022-02-15,101,WidgetB,18.36,0,19
2022-02-15,101,WidgetC,44.01,0,20
2022-02-15,102,WidgetA,18.63,0,17
2022-02-15,102,WidgetB,36.07,1,22
2022-02-15,102,WidgetC,38.53,0,17
2022-02-15,103,WidgetA,12.32,0,17
2022-02-15,103,WidgetB,10.59,0,19
2022-02-15,103,WidgetC,26.17,0,32
2022-02-16,101,WidgetA,37.1,0,24
2022-02-16,101,WidgetB,49.04,0,4
2022-02-16,101,WidgetC,21.73,1,18
2022-02-16,102,WidgetA,10.05,0,19
2022-02-16,102,WidgetB,22.12,0,4
2022-02-16,102,WidgetC,48.31,1,32
2022-02-16,103,WidgetA,24.63,0,4
2022-02-16,103,WidgetB,42.44,0,22
2022-02-16,103,WidgetC,23.81,1,4
2022-02-17,101,WidgetA,10.31,0,20
2022-02-17,101,WidgetB,30.02,0,5
2022-02-17,101,WidgetC,16.63,0,6
2022-02-17,102,WidgetA,17.88,1,21
2022-02-17,102,WidgetB,27.48,0,10
2022-02-17,102,WidgetC,29.08,1,6
2022-02-17,103,WidgetA,10.36,0,16
2022-02-17,103,WidgetB,18.88,0,23
2022-02-17,103,WidgetC,27.15,0,22
2022-02-18,101,WidgetA,21.56,0,24
2022-02-18,101,WidgetB,25.7,1,30
2022-02-18,101,WidgetC,24.28,1,4
2022-02-18,102,WidgetA,46.73,0,16
2022-02-18,102,WidgetB,11.44,0,21
2022-02-18,102,WidgetC,33.2,0,17
2022-02-18,103,WidgetA,45.76,1,19
2022-02-18,103,WidgetB,29.05,0,4
2022-02-18,103,WidgetC,12.85,0,20
2022-02-19,101,WidgetA,42.44,1,23
2022-02-19,101,WidgetB,36.19,0,20
2022-02-19,101,WidgetC,27.01,0,1
2022-02-19,102,WidgetA,26.66,0,4
2022-02-19,102,WidgetB,10.06,1,16
2022-02-19,102,WidgetC,39.68,1,17
2022-02-19,103,WidgetA,38.5,1,8
2022-02-19,103,WidgetB,31.78,1,4
2022-02-19,103,WidgetC,34.06,0,24
2022-02-20,101,WidgetA,30.55,0,28
2022-02-20,101,WidgetB,37.89,1,28
2022-02-20,101,WidgetC,39.16,1,8
2022-02-20,102,WidgetA,47.88,0,15
2022-02-20,102,WidgetB,39.38,0,3
2022-02-20,102,WidgetC,27.51,0,25
2022-02-20,103,WidgetA,48.68,0,15
2022-02-20,103,WidgetB,32.11,0,6
2022-02-20,103,WidgetC,20.02,0,17
2022-02-21,101,WidgetA,24.12,0,23
2022-02-21,101,WidgetB,12.73,1,3
2022-02-21,101,WidgetC,24.96,1,22
2022-02-21,102,WidgetA,17.96,0,13
2022-02-21,102,WidgetB,21.05,0,11
2022-02-21,102,WidgetC,17.17,1,6
2022-02-21,103,WidgetA,18.21,0,5
2022-02-21,103,WidgetB,48.06,0,4
2022-02-21,103,WidgetC,48.6,0,23
2022-02-22,101,WidgetA,22.52,0,13
2022-02-22,101,WidgetB,47.79,1,16
2022-02-22,101,WidgetC,38.05,0,16
2022-02-22,102,WidgetA,48.3,0,15
2022-02-22,102,WidgetB,49.08,0,5
2022-02-22,102,WidgetC,27.38,1,5
2022-02-22,103,WidgetA,17.97,1,16
2022-02-22,103,WidgetB,19.9,0,23
2022-02-22,103,WidgetC,36.91,0,21
2022-02-23,101,WidgetA,34.67,1,20
2022-02-23,101,WidgetB,24.84,1,20
2022-02-23,101,WidgetC,24.74,1,24
2022-02-23,102,WidgetA,35.21,0,19
2022-02-23,102,WidgetB,35.97,1,3
2022-02-23,102,WidgetC,22.04,0,6
2022-02-23,103,WidgetA,16.38,0,5
2022-02-23,103,WidgetB,21.57,0,7
2022-02-23,103,WidgetC,48.11,0,26
2022-02-24,101,WidgetA,25.71,0,22
2022-02-24,101,WidgetB,44.35,1,21
2022-02-24,101,WidgetC,36.95,0,16
2022-02-24,102,WidgetA,16.61,0,23
2022-02-24,102,WidgetB,16.45,0,4
2022-02-24,102,WidgetC,18.89,0,16
2022-02-24,103,WidgetA,25.64,0,8
2022-02-24,103,WidgetB,30.0,0,22
2022-02-24,103,WidgetC,14.62,0,4
2022-02-25,101,WidgetA,45.83,0,19
2022-02-25,101,WidgetB,41.71,0,21
2022-02-25,101,WidgetC,37.55,0,9
2022-02-25,102,WidgetA,44.2,1,12
2022-02-25,102,WidgetB,42.14,1,5
2022-02-25,102,WidgetC,35.93,0,24
2022-02-25,103,WidgetA,49.89,0,16
2022-02-25,103,WidgetB,24.9,0,19
2022-02-25,103,WidgetC,36.27,1,3
2022-02-26,101,WidgetA,42.18,1,21
2022-02-26,101,WidgetB,40.07,1,14
2022-02-26,101,WidgetC,34.82,1,10
2022-02-26,102,WidgetA,28.96,1,3
2022-02-26,102,WidgetB,26.99,1,15
2022-02-26,102,WidgetC,37.85,0,22
2022-02-26,103,WidgetA,20.88,0,6
2022-02-26,103,WidgetB,33.81,0,24
2022-02-26,103,WidgetC,13.54,0,19
2022-02-27,101,WidgetA,20.38,0,16
2022-02-27,101,WidgetB,11.56,0,18
2022-02-27,101,WidgetC,49.85,1,16
2022-02-27,102,WidgetA,12.69,0,18
2022-02-27,102,WidgetB,42.27,1,16
2022-02-27,102,WidgetC,26.45,0,6
2022-02-27,103,WidgetA,40.57,0,22
2022-02-27,103,WidgetB,34.98,1,24
2022-02-27,103,WidgetC,38.3,0,11
2022-02-28,101,WidgetA,12.13,0,22
2022-02-28,101,WidgetB,47.67,0,23
2022-02-28,101,WidgetC,35.95,0,7
2022-02-28,102,WidgetA,10.77,1,20
2022-02-28,102,WidgetB,26.08,0,17
2022-02-28,102,WidgetC,33.33,0,10
2022-02-28,103,WidgetA,26.93,0,22
2022-02-28,103,WidgetB,44.52,1,4
2022-02-28,103,WidgetC,45.89,0,19
2022-03-01,101,WidgetA,12.5,0,6
2022-03-01,101,WidgetB,18.43,0,17
2022-03-01,101,WidgetC,16.7,0,19
2022-03-01,102,WidgetA,41.93,0,3
2022-03-01,102,WidgetB,36.96,0,4
2022-03-01,102,WidgetC,13.31,0,21
2022-03-01,103,WidgetA,15.49,0,14
2022-03-01,103,WidgetB,20.95,0,3
2022-03-01,103,WidgetC,26.74,0,21
2022-03-02,101,WidgetA,41.08,1,20
2022-03-02,101,WidgetB,49.58,1,15
2022-03-02,101,WidgetC,39.67,0,25
2022-03-02,102,WidgetA,44.39,0,19
2022-03-02,102,WidgetB,15.04,0,15
2022-03-02,102,WidgetC,33.17,0,16
2022-03-02,103,WidgetA,24.89,0,3
2022-03-02,103,WidgetB,17.31,1,7
2022-03-02,103,WidgetC,32.27,1,15
2022-03-03,101,WidgetA,18.82,0,16
2022-03-03,101,WidgetB,10.03,1,22
2022-03-03,101,WidgetC,16.08,0,13
2022-03-03,102,WidgetA,46.83,0,6
2022-03-03,102,WidgetB,29.49,0,19
2022-03-03,102,WidgetC,16.83,0,6
2022-03-03,103,WidgetA,11.4,0,25
2022-03-03,103,WidgetB,11.0,0,2
2022-03-03,103,WidgetC,34.33,0,6
2022-03-04,101,WidgetA,37.1,0,18
2022-03-04,101,WidgetB,10.77,1,24
2022-03-04,101,WidgetC,23.8,0,17
2022-03-04,102,WidgetA,37.14,0,23
2022-03-04,102,WidgetB,21.26,1,6
2022-03-04,102,WidgetC,27.71,0,15
2022-03-04,103,WidgetA,47.15,0,4
2022-03-04,103,WidgetB,30.06,0,22
2022-03-04,103,WidgetC,40.15,0,11
2022-03-05,101,WidgetA,18.5,0,19
2022-03-05,101,WidgetB,45.82,1,23
2022-03-05,101,WidgetC,17.62,0,19
2022-03-05,102,WidgetA,14.8,1,17
2022-03-05,102,WidgetB,22.0,0,15
2022-03-05,102,WidgetC,31.87,1,23
2022-03-05,103,WidgetA,47.26,1,19
2022-03-05,103,WidgetB,10.43,1,13
2022-03-05,103,WidgetC,28.56,0,16
2022-03-06,101,WidgetA,33.79,1,3
2022-03-06,101,WidgetB,32.72,0,19
2022-03-06,101,WidgetC,12.01,0,19
2022-03-06,102,WidgetA,34.56,0,18
2022-03-06,102,WidgetB,42.83,0,18
2022-03-06,102,WidgetC,23.13,0,7
2022-03-06,103,WidgetA,28.36,0,22
2022-03-06,103,WidgetB,11.31,0,15
2022-03-06,103,WidgetC,48.85,0,12
2022-03-07,101,WidgetA,14.65,0,22
2022-03-07,101,WidgetB,24.19,0,21
2022-03-07,101,WidgetC,20.21,0,19
2022-03-07,102,WidgetA,36.33,0,15
2022-03-07,102,WidgetB,43.09,0,21
2022-03-07,102,WidgetC,30.1,1,16
2022-03-07,103,WidgetA,47.37,1,22
2022-03-07,103,WidgetB,40.1,0,19
2022-03-07,103,WidgetC,42.98,0,20
2022-03-08,101,WidgetA,27.25,0,20
2022-03-08,101,WidgetB,22.34,0,9
2022-03-08,101,WidgetC,10.26,1,19
2022-03-08,102,WidgetA,23.83,0,30
2022-03-08,102,WidgetB,41.33,0,22
2022-03-08,102,WidgetC,14.82,1,5
2022-03-08,103,WidgetA,16.84,0,27
2022-03-08,103,WidgetB,25.72,0,4
2022-03-08,103,WidgetC,43.4,1,4
2022-03-09,101,WidgetA,11.58,0,17
2022-03-09,101,WidgetB,33.53,0,21
2022-03-09,101,WidgetC,38.38,0,18
2022-03-09,102,WidgetA,12.02,0,24
2022-03-09,102,WidgetB,19.04,1,13
2022-03-09,102,WidgetC,23.5,1,3
2022-03-09,103,WidgetA,27.68,0,20
2022-03-09,103,WidgetB,32.88,1,15
2022-03-09,103,WidgetC,20.73,0,22
2022-03-10,101,WidgetA,11.39,0,15
2022-03-10,101,WidgetB,20.39,1,17
2022-03-10,101,WidgetC,26.45,0,25
2022-03-10,102,WidgetA,42.97,0,4
2022-03-10,102,WidgetB,49.7,0,22
2022-03-10,102,WidgetC,44.64,0,22
2022-03-10,103,WidgetA,27.1,0,25
2022-03-10,103,WidgetB,47.38,0,21
2022-03-10,103,WidgetC,10.65,1,7
2022-03-11,101,WidgetA,15.04,1,25
2022-03-11,101,WidgetB,37.06,0,22
2022-03-11,101,WidgetC,27.16,0,16
2022-03-11,102,WidgetA,19.33,0,16
2022-03-11,102,WidgetB,15.24,0,18
2022-03-11,102,WidgetC,47.15,0,17
2022-03-11,103,WidgetA,35.26,0,15
2022-03-11,103,WidgetB,36.55,1,5
2022-03-11,103,WidgetC,34.04,0,19
2022-03-12,101,WidgetA,38.59,0,24
2022-03-12,101,WidgetB,37.19,1,0
2022-03-12,101,WidgetC,20.88,0,22
2022-03-12,102,WidgetA,10.65,1,22
2022-03-12,102,WidgetB,23.71,0,7
2022-03-12,102,WidgetC,10.0,1,16
2022-03-12,103,WidgetA,31.61,1,21
2022-03-12,103,WidgetB,13.4,0,21
2022-03-12,103,WidgetC,19.61,0,13
2022-03-13,101,WidgetA,49.49,0,21
2022-03-13,101,WidgetB,23.08,0,22
2022-03-13,101,WidgetC,22.61,0,14
2022-03-13,102,WidgetA,37.74,1,26
2022-03-13,102,WidgetB,39.21,0,2
2022-03-13,102,WidgetC,34.68,1,3
2022-03-13,103,WidgetA,33.42,0,1
2022-03-13,103,WidgetB,33.42,0,5
2022-03-13,103,WidgetC,22.31,0,25
2022-03-14,101,WidgetA,39.21,0,19
2022-03-14,101,WidgetB,38.07,0,27
2022-03-14,101,WidgetC,22.63,0,23
2022-03-14,102,WidgetA,37.03,0,19
2022-03-14,102,WidgetB,47.39,0,4
2022-03-14,102,WidgetC,30.24,0,18
2022-03-14,103,WidgetA,14.61,1,18
2022-03-14,103,WidgetB,27.68,0,8
2022-03-14,103,WidgetC,23.52,0,15
2022-03-15,101,WidgetA,18.35,0,21
2022-03-15,101,WidgetB,33.08,0,20
2022-03-15,101,WidgetC,32.63,1,17
2022-03-15,102,WidgetA,16.06,0,24
2022-03-15,102,WidgetB,43.14,0,22
2022-03-15,102,WidgetC,41.34,0,34
2022-03-15,103,WidgetA,38.88,0,20
2022-03-15,103,WidgetB,47.44,0,13
2022-03-15,103,WidgetC,21.21,0,22
2022-03-16,101,WidgetA,12.18,0,18
2022-03-16,101,WidgetB,27.7,0,25
2022-03-16,101,WidgetC,24.12,1,25
2022-03-16,102,WidgetA,41.38,0,31
2022-03-16,102,WidgetB,34.2,0,21
2022-03-16,102,WidgetC,12.38,0,20
2022-03-16,103,WidgetA,36.66,0,15
2022-03-16,103,WidgetB,18.09,0,5
2022-03-16,103,WidgetC,30.23,0,6
2022-03-17,101,WidgetA,11.76,0,22
2022-03-17,101,WidgetB,47.84,1,2
2022-03-17,101,WidgetC,14.93,0,7
2022-03-17,102,WidgetA,10.17,0,19
2022-03-17,102,WidgetB,26.62,0,15
2022-03-17,102,WidgetC,48.27,0,17
2022-03-17,103,WidgetA,19.48,0,6
2022-03-17,103,WidgetB,24.0,1,25
2022-03-17,103,WidgetC,25.97,0,15
2022-03-18,101,WidgetA,23.37,1,21
2022-03-18,101,WidgetB,42.17,1,5
2022-03-18,101,WidgetC,49.86,0,19
2022-03-18,102,WidgetA,16.35,1,16
2022-03-18,102,WidgetB,36.77,0,18
2022-03-18,102,WidgetC,33.02,0,21
2022-03-18,103,WidgetA,18.4,1,8
2022-03-18,103,WidgetB,29.53,0,4
2022-03-18,103,WidgetC,29.85,0,29
2022-03-19,101,WidgetA,28.87,0,21
2022-03-19,101,WidgetB,30.86,1,4
2022-03-19,101,WidgetC,42.41,0,27
2022-03-19,102,WidgetA,17.23,0,5
2022-03-19,102,WidgetB,13.26,0,5
2022-03-19,102,WidgetC,35.98,0,28
2022-03-19,103,WidgetA,16.15,1,21
2022-03-19,103,WidgetB,37.16,1,23
2022-03-19,103,WidgetC,45.19,0,4
2022-03-20,101,WidgetA,30.0,0,8
2022-03-20,101,WidgetB,41.28,1,32
2022-03-20,101,WidgetC,15.23,0,21
2022-03-20,102,WidgetA,30.18,0,22
2022-03-20,102,WidgetB,19.29,0,7
2022-03-20,102,WidgetC,48.25,0,11
2022-03-20,103,WidgetA,14.36,0,17
2022-03-20,103,WidgetB,44.29,1,7
2022-03-20,103,WidgetC,22.48,1,18
2022-03-21,101,WidgetA,40.07,1,17
2022-03-21,101,WidgetB,15.27,1,22
2022-03-21,101,WidgetC,44.92,0,7
2022-03-21,102,WidgetA,38.82,0,19
2022-03-21,102,WidgetB,43.18,1,7
2022-03-21,102,WidgetC,45.46,0,22
2022-03-21,103,WidgetA,20.82,0,17
2022-03-21,103,WidgetB,25.72,0,6
2022-03-21,103,WidgetC,45.2,0,16
2022-03-22,101,WidgetA,36.53,0,19
2022-03-22,101,WidgetB,17.83,1,19
2022-03-22,101,WidgetC,20.27,1,17
2022-03-22,102,WidgetA,49.83,0,18
2022-03-22,102,WidgetB,18.17,0,0
2022-03-22,102,WidgetC,46.6,1,15
2022-03-22,103,WidgetA,12.7,1,19
2022-03-22,103,WidgetB,30.5,0,22
2022-03-22,103,WidgetC,14.42,0,16
2022-03-23,101,WidgetA,17.6,0,24
2022-03-23,101,WidgetB,27.77,0,24
2022-03-23,101,WidgetC,31.54,1,13
2022-03-23,102,WidgetA,23.82,0,16
2022-03-23,102,WidgetB,23.49,1,3
2022-03-23,102,WidgetC,17.48,0,6
2022-03-23,103,WidgetA,48.14,0,4
2022-03-23,103,WidgetB,35.4,0,4
2022-03-23,103,WidgetC,48.22,0,15
2022-03-24,101,WidgetA,10.53,0,16
2022-03-24,101,WidgetB,21.56,0,21
2022-03-24,101,WidgetC,37.65,0,20
2022-03-24,102,WidgetA,39.58,0,4
2022-03-24,102,WidgetB,20.96,1,18
2022-03-24,102,WidgetC,17.16,0,18
2022-03-24,103,WidgetA,23.7,0,6
2022-03-24,103,WidgetB,23.39,0,18
2022-03-24,103,WidgetC,33.86,1,14
2022-03-25,101,WidgetA,19.5,0,21
2022-03-25,101,WidgetB,24.5,1,4
2022-03-25,101,WidgetC,23.72,0,4
2022-03-25,102,WidgetA,25.47,0,3
2022-03-25,102,WidgetB,29.35,0,28
2022-03-25,102,WidgetC,48.63,0,21
2022-03-25,103,WidgetA,32.16,0,5
2022-03-25,103,WidgetB,48.08,1,26
2022-03-25,103,WidgetC,20.28,0,8
2022-03-26,101,WidgetA,32.76,1,18
2022-03-26,101,WidgetB,43.94,0,29
2022-03-26,101,WidgetC,39.67,1,19
2022-03-26,102,WidgetA,26.08,0,23
2022-03-26,102,WidgetB,35.39,0,21
2022-03-26,102,WidgetC,21.68,1,19
2022-03-26,103,WidgetA,45.92,0,16
2022-03-26,103,WidgetB,14.94,0,3
2022-03-26,103,WidgetC,43.56,0,8
2022-03-27,101,WidgetA,45.9,0,25
2022-03-27,101,WidgetB,25.75,0,18
2022-03-27,101,WidgetC,13.53,1,15
2022-03-27,102,WidgetA,16.62,1,22
2022-03-27,102,WidgetB,18.47,0,21
2022-03-27,102,WidgetC,36.68,0,20
2022-03-27,103,WidgetA,12.11,1,5
2022-03-27,103,WidgetB,34.69,1,28
2022-03-27,103,WidgetC,33.67,0,22
2022-03-28,101,WidgetA,29.59,0,20
2022-03-28,101,WidgetB,42.21,0,6
2022-03-28,101,WidgetC,46.91,0,23
2022-03-28,102,WidgetA,28.99,0,23
2022-03-28,102,WidgetB,13.42,1,21
2022-03-28,102,WidgetC,29.34,0,3
2022-03-28,103,WidgetA,30.2,1,2
2022-03-28,103,WidgetB,12.11,1,3
2022-03-28,103,WidgetC,26.87,0,21
2022-03-29,101,WidgetA,23.3,0,8
2022-03-29,101,WidgetB,35.23,0,24
2022-03-29,101,WidgetC,22.72,1,7
2022-03-29,102,WidgetA,30.59,0,6
2022-03-29,102,WidgetB,15.04,0,19
2022-03-29,102,WidgetC,35.95,1,14
2022-03-29,103,WidgetA,18.07,1,22
2022-03-29,103,WidgetB,17.36,1,16
2022-03-29,103,WidgetC,11.61,0,16
2022-03-30,101,WidgetA,18.14,1,21
2022-03-30,101,WidgetB,11.38,0,26
2022-03-30,101,WidgetC,31.53,1,25
2022-03-30,102,WidgetA,47.42,1,22
2022-03-30,102,WidgetB,47.53,0,23
2022-03-30,102,WidgetC,47.18,0,23
2022-03-30,103,WidgetA,25.49,0,18
2022-03-30,103,WidgetB,27.38,1,6
2022-03-30,103,WidgetC,39.69,0,4
2022-03-31,101,WidgetA,12.3,0,15
2022-03-31,101,WidgetB,36.59,0,19
2022-03-31,101,WidgetC,10.29,0,20
2022-03-31,102,WidgetA,38.69,0,26
2022-03-31,102,WidgetB,29.0,0,23
2022-03-31,102,WidgetC,44.52,0,6
2022-03-31,103,WidgetA,48.87,0,4
2022-03-31,103,WidgetB,21.91,1,16
2022-03-31,103,WidgetC,23.31,1,19
2022-04-01,101,WidgetA,49.35,0,3
2022-04-01,101,WidgetB,10.87,1,3
2022-04-01,101,WidgetC,41.34,0,27
2022-04-01,102,WidgetA,31.42,0,18
2022-04-01,102,WidgetB,47.08,1,19
2022-04-01,102,WidgetC,48.35,0,17
2022-04-01,103,WidgetA,26.2,1,3
2022-04-01,103,WidgetB,30.42,0,13
2022-04-01,103,WidgetC,48.66,1,21
2022-04-02,101,WidgetA,10.25,1,13
2022-04-02,101,WidgetB,48.43,0,7
2022-04-02,101,WidgetC,26.23,0,25
2022-04-02,102,WidgetA,34.13,0,23
2022-04-02,102,WidgetB,49.61,0,24
2022-04-02,102,WidgetC,25.38,0,24
2022-04-02,103,WidgetA,41.76,0,25
2022-04-02,103,WidgetB,18.98,0,1
2022-04-02,103,WidgetC,30.44,0,21
2022-04-03,101,WidgetA,15.58,0,21
2022-04-03,101,WidgetB,24.88,0,19
2022-04-03,101,WidgetC,19.76,1,16
2022-04-03,102,WidgetA,45.82,1,17
2022-04-03,102,WidgetB,37.51,0,10
2022-04-03,102,WidgetC,25.45,0,20
2022-04-03,103,WidgetA,17.69,0,19
2022-04-03,103,WidgetB,33.06,1,5
2022-04-03,103,WidgetC,33.85,1,4
2022-04-04,101,WidgetA,15.35,1,4
2022-04-04,101,WidgetB,21.59,0,7
2022-04-04,101,WidgetC,19.67,0,17
2022-04-04,102,WidgetA,41.11,1,18
2022-04-04,102,WidgetB,22.51,0,18
2022-04-04,102,WidgetC,40.65,0,17
2022-04-04,103,WidgetA,39.08,0,16
2022-04-04,103,WidgetB,34.39,1,7
2022-04-04,103,WidgetC,35.27,0,3
2022-04-05,101,WidgetA,30.17,0,5
2022-04-05,101,WidgetB,41.04,1,14
2022-04-05,101,WidgetC,43.37,0,19
2022-04-05,102,WidgetA,11.38,0,4
2022-04-05,102,WidgetB,41.8,0,4
2022-04-05,102,WidgetC,35.98,1,22
2022-04-05,103,WidgetA,14.5,0,5
2022-04-05,103,WidgetB,38.41,0,17
2022-04-05,103,WidgetC,23.64,1,2
2022-04-06,101,WidgetA,37.87,1,22
2022-04-06,101,WidgetB,15.13,0,27
2022-04-06,101,WidgetC,11.6,0,23
2022-04-06,102,WidgetA,12.2,0,28
2022-04-06,102,WidgetB,22.47,0,7
2022-04-06,102,WidgetC,22.63,0,19
2022-04-06,103,WidgetA,13.08,0,16
2022-04-06,103,WidgetB,43.55,1,5
2022-04-06,103,WidgetC,11.95,1,18
2022-04-07,101,WidgetA,13.65,1,15
2022-04-07,101,WidgetB,17.37,0,25
2022-04-07,101,WidgetC,11.96,0,18
2022-04-07,102,WidgetA,33.85,0,7
2022-04-07,102,WidgetB,15.19,0,15
2022-04-07,102,WidgetC,42.51,0,24
2022-04-07,103,WidgetA,43.38,0,25
2022-04-07,103,WidgetB,35.62,0,15
2022-04-07,103,WidgetC,17.04,0,27
2022-04-08,101,WidgetA,15.77,1,27
2022-04-08,101,WidgetB,35.84,0,7
2022-04-08,101,WidgetC,21.79,0,17
2022-04-08,102,WidgetA,14.14,0,19
2022-04-08,102,WidgetB,37.07,0,2
2022-04-08,102,WidgetC,14.19,0,14
2022-04-08,103,WidgetA,35.74,0,8
2022-04-08,103,WidgetB,20.64,0,26
2022-04-08,103,WidgetC,43.3,1,7
2022-04-09,101,WidgetA,41.23,1,22
2022-04-09,101,WidgetB,27.51,0,23
2022-04-09,101,WidgetC,12.69,0,22
2022-04-09,102,WidgetA,20.29,1,4
2022-04-09,102,WidgetB,36.09,0,13
2022-04-09,102,WidgetC,46.38,0,17
2022-04-09,103,WidgetA,48.62,1,24
2022-04-09,103,WidgetB,49.1,1,3
2022-04-09,103,WidgetC,25.13,0,19
2022-04-10,101,WidgetA,49.45,1,1
2022-04-10,101,WidgetB,14.82,0,20
2022-04-10,101,WidgetC,27.84,1,15
2022-04-10,102,WidgetA,35.49,0,20
2022-04-10,102,WidgetB,27.28,1,26
2022-04-10,102,WidgetC,34.17,0,14
2022-04-10,103,WidgetA,10.67,1,4
2022-04-10,103,WidgetB,48.39,1,19
2022-04-10,103,WidgetC,15.76,0,3
2022-04-11,101,WidgetA,26.91,1,23
2022-04-11,101,WidgetB,42.53,0,7
2022-04-11,101,WidgetC,29.52,0,20
2022-04-11,102,WidgetA,32.63,1,19
2022-04-11,102,WidgetB,33.45,0,7
2022-04-11,102,WidgetC,15.18,0,5
2022-04-11,103,WidgetA,47.06,1,20
2022-04-11,103,WidgetB,49.38,0,5
2022-04-11,103,WidgetC,38.7,1,21
2022-04-12,101,WidgetA,13.15,0,6
2022-04-12,101,WidgetB,26.45,0,4
2022-04-12,101,WidgetC,37.21,1,3
2022-04-12,102,WidgetA,34.9,0,19
2022-04-12,102,WidgetB,26.26,1,13
2022-04-12,102,WidgetC,43.02,1,5
2022-04-12,103,WidgetA,31.5,0,9
2022-04-12,103,WidgetB,10.56,0,22
2022-04-12,103,WidgetC,10.53,0,20
2022-04-13,101,WidgetA,37.38,0,20
2022-04-13,101,WidgetB,35.93,0,21
2022-04-13,101,WidgetC,48.49,0,8
2022-04-13,102,WidgetA,31.88,0,4
2022-04-13,102,WidgetB,20.51,1,5
2022-04-13,102,WidgetC,35.57,0,26
2022-04-13,103,WidgetA,44.66,0,4
2022-04-13,103,WidgetB,30.25,1,20
2022-04-13,103,WidgetC,43.93,0,20
2022-04-14,101,WidgetA,43.28,0,20
2022-04-14,101,WidgetB,19.53,1,18
2022-04-14,101,WidgetC,19.55,1,15
2022-04-14,102,WidgetA,22.28,0,21
2022-04-14,102,WidgetB,24.26,0,18
2022-04-14,102,WidgetC,19.74,0,16
2022-04-14,103,WidgetA,10.85,0,18
2022-04-14,103,WidgetB,18.2,1,7
2022-04-14,103,WidgetC,17.14,0,7
2022-04-15,101,WidgetA,36.36,1,2
2022-04-15,101,WidgetB,10.16,1,24
2022-04-15,101,WidgetC,22.0,0,4
2022-04-15,102,WidgetA,14.09,0,22
2022-04-15,102,WidgetB,28.65,0,8
2022-04-15,102,WidgetC,12.01,0,3
2022-04-15,103,WidgetA,43.44,0,16
2022-04-15,103,WidgetB,20.19,0,14
2022-04-15,103,WidgetC,35.03,0,20
2022-04-16,101,WidgetA,32.46,0,3
2022-04-16,101,WidgetB,48.8,0,24
2022-04-16,101,WidgetC,15.43,0,22
2022-04-16,102,WidgetA,47.5,0,3
2022-04-16,102,WidgetB,38.13,0,22
2022-04-16,102,WidgetC,47.91,0,19
2022-04-16,103,WidgetA,29.86,0,18
2022-04-16,103,WidgetB,42.13,0,18
2022-04-16,103,WidgetC,41.94,1,3
2022-04-17,101,WidgetA,49.44,1,21
2022-04-17,101,WidgetB,32.16,0,25
2022-04-17,101,WidgetC,36.03,1,28
2022-04-17,102,WidgetA,31.77,1,21
2022-04-17,102,WidgetB,41.9,1,3
2022-04-17,102,WidgetC,26.01,0,22
2022-04-17,103,WidgetA,18.62,0,25
2022-04-17,103,WidgetB,49.26,0,22
2022-04-17,103,WidgetC,47.13,0,21
2022-04-18,101,WidgetA,20.23,0,21
2022-04-18,101,WidgetB,38.54,0,26
2022-04-18,101,WidgetC,48.66,0,6
2022-04-18,102,WidgetA,38.98,0,19
2022-04-18,102,WidgetB,41.12,0,18
2022-04-18,102,WidgetC,31.04,1,20
2022-04-18,103,WidgetA,20.78,0,23
2022-04-18,103,WidgetB,35.91,0,20
2022-04-18,103,WidgetC,24.38,0,4
2022-04-19,101,WidgetA,38.69,0,16
2022-04-19,101,WidgetB,16.73,0,17
2022-04-19,101,WidgetC,35.81,0,19
2022-04-19,102,WidgetA,20.95,1,23
2022-04-19,102,WidgetB,30.73,0,20
2022-04-19,102,WidgetC,47.8,0,5
2022-04-19,103,WidgetA,16.57,0,22
2022-04-19,103,WidgetB,47.42,1,6
2022-04-19,103,WidgetC,11.11,0,22
2022-04-20,101,WidgetA,39.71,0,13
2022-04-20,101,WidgetB,40.01,0,17
2022-04-20,101,WidgetC,23.18,0,22
2022-04-20,102,WidgetA,18.14,1,5
2022-04-20,102,WidgetB,24.09,1,16
2022-04-20,102,WidgetC,25.42,1,19
2022-04-20,103,WidgetA,20.49,0,11
2022-04-20,103,WidgetB,15.05,0,2
2022-04-20,103,WidgetC,33.81,0,20
2022-04-21,101,WidgetA,32.07,1,19
2022-04-21,101,WidgetB,46.27,0,19
2022-04-21,101,WidgetC,23.89,0,30
2022-04-21,102,WidgetA,42.46,0,24
2022-04-21,102,WidgetB,42.96,0,20
2022-04-21,102,WidgetC,31.13,0,20
2022-04-21,103,WidgetA,10.4,0,30
2022-04-21,103,WidgetB,26.97,1,17
2022-04-21,103,WidgetC,18.71,1,2
2022-04-22,101,WidgetA,41.22,0,1
2022-04-22,101,WidgetB,13.39,1,27
2022-04-22,101,WidgetC,37.33,0,25
2022-04-22,102,WidgetA,30.34,0,15
2022-04-22,102,WidgetB,18.47,1,2
2022-04-22,102,WidgetC,43.41,0,21
2022-04-22,103,WidgetA,47.05,0,6
2022-04-22,103,WidgetB,48.69,0,13
2022-04-22,103,WidgetC,30.11,0,18
2022-04-23,101,WidgetA,33.43,0,23
2022-04-23,101,WidgetB,12.12,1,16
2022-04-23,101,WidgetC,17.35,0,6
2022-04-23,102,WidgetA,13.14,1,8
2022-04-23,102,WidgetB,36.77,0,10
2022-04-23,102,WidgetC,41.62,0,18
2022-04-23,103,WidgetA,39.96,0,7
2022-04-23,103,WidgetB,14.67,0,29
2022-04-23,103,WidgetC,44.78,1,1
2022-04-24,101,WidgetA,39.14,0,20
2022-04-24,101,WidgetB,14.53,0,20
2022-04-24,101,WidgetC,16.87,1,21
2022-04-24,102,WidgetA,26.48,0,20
2022-04-24,102,WidgetB,23.52,1,12
2022-04-24,102,WidgetC,40.25,1,27
2022-04-24,103,WidgetA,26.42,1,22
2022-04-24,103,WidgetB,13.55,1,15
2022-04-24,103,WidgetC,26.72,0,14
2022-04-25,101,WidgetA,32.89,0,24
2022-04-25,101,WidgetB,39.78,0,3
2022-04-25,101,WidgetC,15.27,1,16
2022-04-25,102,WidgetA,31.1,0,3
2022-04-25,102,WidgetB,24.91,0,12
2022-04-25,102,WidgetC,18.71,0,21
2022-04-25,103,WidgetA,36.47,0,17
2022-04-25,103,WidgetB,39.82,0,19
2022-04-25,103,WidgetC,47.2,0,27
2022-04-26,101,WidgetA,19.28,1,26
2022-04-26,101,WidgetB,13.57,0,4
2022-04-26,101,WidgetC,33.84,0,24
2022-04-26,102,WidgetA,18.94,1,15
2022-04-26,102,WidgetB,47.75,0,5
2022-04-26,102,WidgetC,49.78,0,5
2022-04-26,103,WidgetA,10.06,0,17
2022-04-26,103,WidgetB,16.39,0,6
2022-04-26,103,WidgetC,44.8,0,5
2022-04-27,101,WidgetA,24.2,0,17
2022-04-27,101,WidgetB,44.99,1,25
2022-04-27,101,WidgetC,43.04,0,17
2022-04-27,102,WidgetA,21.42,1,13
2022-04-27,102,WidgetB,12.28,0,6
2022-04-27,102,WidgetC,40.96,0,6
2022-04-27,103,WidgetA,29.29,0,32
2022-04-27,103,WidgetB,42.44,0,7
2022-04-27,103,WidgetC,24.67,0,4
2022-04-28,101,WidgetA,46.38,0,19
2022-04-28,101,WidgetB,12.87,0,27
2022-04-28,101,WidgetC,10.78,0,17
2022-04-28,102,WidgetA,35.36,0,31
2022-04-28,102,WidgetB,31.29,0,15
2022-04-28,102,WidgetC,48.32,0,5
2022-04-28,103,WidgetA,40.75,0,16
2022-04-28,103,WidgetB,28.62,1,16
2022-04-28,103,WidgetC,15.98,0,18
2022-04-29,101,WidgetA,45.85,1,3
2022-04-29,101,WidgetB,11.51,0,4
2022-04-29,101,WidgetC,26.64,1,3
2022-04-29,102,WidgetA,46.43,0,28
2022-04-29,102,WidgetB,18.41,0,22
2022-04-29,102,WidgetC,35.53,0,5
2022-04-29,103,WidgetA,29.92,0,26
2022-04-29,103,WidgetB,11.88,0,14
2022-04-29,103,WidgetC,45.3,0,20
2022-04-30,101,WidgetA,10.28,1,20
2022-04-30,101,WidgetB,38.11,1,19
2022-04-30,101,WidgetC,35.68,0,6
2022-04-30,102,WidgetA,26.53,0,23
2022-04-30,102,WidgetB,40.85,0,7
2022-04-30,102,WidgetC,11.24,1,5
2022-04-30,103,WidgetA,23.82,0,6
2022-04-30,103,WidgetB,19.65,0,5
2022-04-30,103,WidgetC,13.14,0,21
2022-05-01,101,WidgetA,48.38,1,20
2022-05-01,101,WidgetB,49.37,0,6
2022-05-01,101,WidgetC,27.95,0,24
2022-05-01,102,WidgetA,35.84,0,18
2022-05-01,102,WidgetB,10.81,0,26
2022-05-01,102,WidgetC,47.19,0,14
2022-05-01,103,WidgetA,19.88,1,29
2022-05-01,103,WidgetB,37.08,1,3
2022-05-01,103,WidgetC,17.32,0,22
2022-05-02,101,WidgetA,30.15,0,22
2022-05-02,101,WidgetB,39.53,0,19
2022-05-02,101,WidgetC,35.92,0,22
2022-05-02,102,WidgetA,13.43,0,23
2022-05-02,102,WidgetB,24.27,0,9
2022-05-02,102,WidgetC,45.59,0,4
2022-05-02,103,WidgetA,19.79,1,19
2022-05-02,103,WidgetB,30.68,1,21
2022-05-02,103,WidgetC,14.9,0,19
2022-05-03,101,WidgetA,12.82,0,29
2022-05-03,101,WidgetB,28.43,0,7
2022-05-03,101,WidgetC,40.99,0,23
2022-05-03,102,WidgetA,18.76,0,24
2022-05-03,102,WidgetB,48.49,1,8
2022-05-03,102,WidgetC,38.44,0,19
2022-05-03,103,WidgetA,19.67,0,18
2022-05-03,103,WidgetB,13.87,0,24
2022-05-03,103,WidgetC,30.06,0,21
2022-05-04,101,WidgetA,30.08,0,20
2022-05-04,101,WidgetB,17.06,1,14
2022-05-04,101,WidgetC,47.3,1,14
2022-05-04,102,WidgetA,14.5,1,5
2022-05-04,102,WidgetB,20.69,0,7
2022-05-04,102,WidgetC,22.09,1,26
2022-05-04,103,WidgetA,47.9,0,3
2022-05-04,103,WidgetB,28.94,0,22
2022-05-04,103,WidgetC,42.78,1,3
2022-05-05,101,WidgetA,44.51,0,17
2022-05-05,101,WidgetB,22.83,0,3
2022-05-05,101,WidgetC,17.62,0,3
2022-05-05,102,WidgetA,29.39,0,26
2022-05-05,102,WidgetB,13.78,1,21
2022-05-05,102,WidgetC,15.62,0,6
2022-05-05,103,WidgetA,14.25,0,5
2022-05-05,103,WidgetB,27.21,0,25
2022-05-05,103,WidgetC,41.57,0,20
2022-05-06,101,WidgetA,24.5,0,19
2022-05-06,101,WidgetB,19.84,0,23
2022-05-06,101,WidgetC,17.75,0,15
2022-05-06,102,WidgetA,18.61,1,20
2022-05-06,102,WidgetB,19.36,0,7
2022-05-06,102,WidgetC,28.2,0,29
2022-05-06,103,WidgetA,11.69,0,15
2022-05-06,103,WidgetB,49.4,1,8
2022-05-06,103,WidgetC,17.56,1,22
2022-05-07,101,WidgetA,34.17,0,4
2022-05-07,101,WidgetB,16.99,1,23
2022-05-07,101,WidgetC,13.79,1,3
2022-05-07,102,WidgetA,31.46,0,4
2022-05-07,102,WidgetB,37.62,0,18
2022-05-07,102,WidgetC,36.78,1,6
2022-05-07,103,WidgetA,22.19,0,6
2022-05-07,103,WidgetB,14.02,0,22
2022-05-07,103,WidgetC,28.4,0,2
2022-05-08,101,WidgetA,19.1,0,2
2022-05-08,101,WidgetB,35.79,0,21
2022-05-08,101,WidgetC,36.03,0,19
2022-05-08,102,WidgetA,34.16,1,21
2022-05-08,102,WidgetB,19.01,0,18
2022-05-08,102,WidgetC,24.73,0,25
2022-05-08,103,WidgetA,34.57,0,20
2022-05-08,103,WidgetB,29.89,0,5
2022-05-08,103,WidgetC,26.15,0,31
2022-05-09,101,WidgetA,42.3,0,18
2022-05-09,101,WidgetB,44.44,0,6
2022-05-09,101,WidgetC,32.27,1,18
2022-05-09,102,WidgetA,47.22,1,21
2022-05-09,102,WidgetB,21.41,0,11
2022-05-09,102,WidgetC,30.23,0,18
2022-05-09,103,WidgetA,33.42,0,17
2022-05-09,103,WidgetB,14.77,0,25
2022-05-09,103,WidgetC,41.56,0,18
2022-05-10,101,WidgetA,12.45,0,15
2022-05-10,101,WidgetB,41.18,0,19
2022-05-10,101,WidgetC,28.59,0,15
2022-05-10,102,WidgetA,31.14,1,22
2022-05-10,102,WidgetB,38.82,0,28
2022-05-10,102,WidgetC,42.83,0,20
2022-05-10,103,WidgetA,39.85,0,6
2022-05-10,103,WidgetB,14.81,0,19
2022-05-10,103,WidgetC,30.87,0,6
2022-05-11,101,WidgetA,49.9,0,15
2022-05-11,101,WidgetB,46.16,0,15
2022-05-11,101,WidgetC,23.46,0,19
2022-05-11,102,WidgetA,27.94,0,26
2022-05-11,102,WidgetB,16.29,0,19
2022-05-11,102,WidgetC,40.03,0,22
2022-05-11,103,WidgetA,23.06,0,2
2022-05-11,103,WidgetB,27.53,0,5
2022-05-11,103,WidgetC,15.9,0,23
2022-05-12,101,WidgetA,29.08,0,8
2022-05-12,101,WidgetB,40.79,0,20
2022-05-12,101,WidgetC,33.12,1,12
2022-05-12,102,WidgetA,47.5,0,20
2022-05-12,102,WidgetB,40.72,1,17
2022-05-12,102,WidgetC,12.89,1,9
2022-05-12,103,WidgetA,24.21,0,4
2022-05-12,103,WidgetB,24.67,0,27
2022-05-12,103,WidgetC,13.85,0,20
2022-05-13,101,WidgetA,15.65,0,13
2022-05-13,101,WidgetB,46.58,0,12
2022-05-13,101,WidgetC,16.56,1,19
2022-05-13,102,WidgetA,16.85,1,22
2022-05-13,102,WidgetB,37.52,0,16
2022-05-13,102,WidgetC,20.48,1,15
2022-05-13,103,WidgetA,13.51,0,22
2022-05-13,103,WidgetB,21.3,0,6
2022-05-13,103,WidgetC,23.64,1,20
2022-05-14,101,WidgetA,11.23,1,4
2022-05-14,101,WidgetB,33.26,0,3
2022-05-14,101,WidgetC,47.47,0,2
2022-05-14,102,WidgetA,49.45,0,4
2022-05-14,102,WidgetB,18.92,0,6
2022-05-14,102,WidgetC,24.18,0,23
2022-05-14,103,WidgetA,44.27,1,21
2022-05-14,103,WidgetB,18.02,0,7
2022-05-14,103,WidgetC,27.58,0,25
2022-05-15,101,WidgetA,43.29,0,1
2022-05-15,101,WidgetB,37.92,1,4
2022-05-15,101,WidgetC,17.87,0,1
2022-05-15,102,WidgetA,22.66,1,2
2022-05-15,102,WidgetB,43.57,0,27
2022-05-15,102,WidgetC,31.74,0,22
2022-05-15,103,WidgetA,12.16,0,26
2022-05-15,103,WidgetB,42.91,0,17
2022-05-15,103,WidgetC,16.02,0,19
2022-05-16,101,WidgetA,43.95,1,17
2022-05-16,101,WidgetB,33.08,0,3
2022-05-16,101,WidgetC,41.84,0,26
2022-05-16,102,WidgetA,31.5,0,3
2022-05-16,102,WidgetB,26.44,0,15
2022-05-16,102,WidgetC,47.62,0,15
2022-05-16,103,WidgetA,40.77,0,17
2022-05-16,103,WidgetB,30.39,0,20
2022-05-16,103,WidgetC,35.64,1,5
2022-05-17,101,WidgetA,48.01,0,20
2022-05-17,101,WidgetB,43.26,0,5
2022-05-17,101,WidgetC,21.0,0,22
2022-05-17,102,WidgetA,46.23,0,7
2022-05-17,102,WidgetB,27.55,1,19
2022-05-17,102,WidgetC,43.54,0,3
2022-05-17,103,WidgetA,18.38,0,13
2022-05-17,103,WidgetB,37.49,0,21
2022-05-17,103,WidgetC,40.26,0,19
2022-05-18,101,WidgetA,18.85,0,20
2022-05-18,101,WidgetB,28.25,1,19
2022-05-18,101,WidgetC,26.24,1,5
2022-05-18,102,WidgetA,41.78,0,5
2022-05-18,102,WidgetB,38.2,0,3
2022-05-18,102,WidgetC,15.09,0,19
2022-05-18,103,WidgetA,19.38,0,22
2022-05-18,103,WidgetB,47.95,0,18
2022-05-18,103,WidgetC,32.83,0,23
2022-05-19,101,WidgetA,43.33,0,21
2022-05-19,101,WidgetB,29.44,0,6
2022-05-19,101,WidgetC,45.37,1,20
2022-05-19,102,WidgetA,13.32,0,21
2022-05-19,102,WidgetB,49.53,0,7
2022-05-19,102,WidgetC,48.95,0,17
2022-05-19,103,WidgetA,19.69,0,17
2022-05-19,103,WidgetB,14.72,0,0
2022-05-19,103,WidgetC,15.08,1,16
2022-05-20,101,WidgetA,34.34,1,22
2022-05-20,101,WidgetB,25.85,1,17
2022-05-20,101,WidgetC,38.14,0,30
2022-05-20,102,WidgetA,22.15,1,16
2022-05-20,102,WidgetB,42.95,0,24
2022-05-20,102,WidgetC,38.48,0,14
2022-05-20,103,WidgetA,29.24,0,19
2022-05-20,103,WidgetB,42.64,1,17
2022-05-20,103,WidgetC,21.53,0,9
2022-05-21,101,WidgetA,10.27,0,5
2022-05-21,101,WidgetB,24.59,1,18
2022-05-21,101,WidgetC,25.11,0,17
2022-05-21,102,WidgetA,12.64,0,29
2022-05-21,102,WidgetB,36.56,0,2
2022-05-21,102,WidgetC,16.96,1,5
2022-05-21,103,WidgetA,39.34,1,4
2022-05-21,103,WidgetB,15.03,0,16
2022-05-21,103,WidgetC,41.88,0,7
2022-05-22,101,WidgetA,26.47,0,16
2022-05-22,101,WidgetB,46.53,1,37
2022-05-22,101,WidgetC,34.91,0,21
2022-05-22,102,WidgetA,13.42,0,18
2022-05-22,102,WidgetB,37.84,0,5
2022-05-22,102,WidgetC,25.92,0,18
2022-05-22,103,WidgetA,43.89,0,4
2022-05-22,103,WidgetB,17.57,1,22
2022-05-22,103,WidgetC,11.13,1,17
2022-05-23,101,WidgetA,18.59,0,4
2022-05-23,101,WidgetB,20.83,0,19
2022-05-23,101,WidgetC,44.68,1,20
2022-05-23,102,WidgetA,37.85,0,26
2022-05-23,102,WidgetB,39.77,0,19
2022-05-23,102,WidgetC,28.5,1,19
2022-05-23,103,WidgetA,42.86,0,5
2022-05-23,103,WidgetB,35.86,1,5
2022-05-23,103,WidgetC,12.07,0,14
2022-05-24,101,WidgetA,28.13,0,19
2022-05-24,101,WidgetB,34.73,0,5
2022-05-24,101,WidgetC,19.07,0,20
2022-05-24,102,WidgetA,36.52,1,5
2022-05-24,102,WidgetB,13.59,1,24
2022-05-24,102,WidgetC,33.59,0,31
2022-05-24,103,WidgetA,47.26,0,19
2022-05-24,103,WidgetB,10.15,0,18
2022-05-24,103,WidgetC,49.23,0,14
2022-05-25,101,WidgetA,41.02,0,14
2022-05-25,101,WidgetB,20.15,0,2
2022-05-25,101,WidgetC,49.43,0,3
2022-05-25,102,WidgetA,48.46,0,19
2022-05-25,102,WidgetB,18.27,0,15
2022-05-25,102,WidgetC,32.6,1,6
2022-05-25,103,WidgetA,35.71,0,18
2022-05-25,103,WidgetB,46.06,0,19
2022-05-25,103,WidgetC,21.8,0,5
2022-05-26,101,WidgetA,36.0,0,23
2022-05-26,101,WidgetB,13.66,0,5
2022-05-26,101,WidgetC,49.12,1,15
2022-05-26,102,WidgetA,26.98,0,3
2022-05-26,102,WidgetB,33.85,1,5
2022-05-26,102,WidgetC,48.24,1,25
2022-05-26,103,WidgetA,26.98,0,20
2022-05-26,103,WidgetB,27.76,1,24
2022-05-26,103,WidgetC,22.96,0,20
2022-05-27,101,WidgetA,33.43,0,22
2022-05-27,101,WidgetB,30.55,1,18
2022-05-27,101,WidgetC,46.58,0,19
2022-05-27,102,WidgetA,37.18,0,20
2022-05-27,102,WidgetB,46.76,1,17
2022-05-27,102,WidgetC,25.51,0,4
2022-05-27,103,WidgetA,12.46,0,26
2022-05-27,103,WidgetB,28.54,0,24
2022-05-27,103,WidgetC,36.83,1,8
2022-05-28,101,WidgetA,38.57,1,8
2022-05-28,101,WidgetB,14.24,0,31
2022-05-28,101,WidgetC,10.6,0,15
2022-05-28,102,WidgetA,43.94,0,17
2022-05-28,102,WidgetB,21.34,0,16
2022-05-28,102,WidgetC,26.37,0,24
2022-05-28,103,WidgetA,34.26,0,19
2022-05-28,103,WidgetB,20.6,0,19
2022-05-28,103,WidgetC,38.74,0,5
2022-05-29,101,WidgetA,18.14,0,19
2022-05-29,101,WidgetB,11.42,0,21
2022-05-29,101,WidgetC,17.1,0,30
2022-05-29,102,WidgetA,29.91,0,4
2022-05-29,102,WidgetB,10.37,1,4
2022-05-29,102,WidgetC,18.92,0,22
2022-05-29,103,WidgetA,10.48,0,20
2022-05-29,103,WidgetB,47.12,1,16
2022-05-29,103,WidgetC,30.18,1,12
2022-05-30,101,WidgetA,42.24,0,19
2022-05-30,101,WidgetB,43.81,0,26
2022-05-30,101,WidgetC,22.53,1,6
2022-05-30,102,WidgetA,17.04,1,4
2022-05-30,102,WidgetB,13.59,0,19
2022-05-30,102,WidgetC,12.16,0,14
2022-05-30,103,WidgetA,14.94,0,15
2022-05-30,103,WidgetB,16.94,1,16
2022-05-30,103,WidgetC,18.4,0,6
2022-05-31,101,WidgetA,25.94,0,6
2022-05-31,101,WidgetB,40.91,0,7
2022-05-31,101,WidgetC,36.73,1,4
2022-05-31,102,WidgetA,30.27,0,24
2022-05-31,102,WidgetB,29.23,1,25
2022-05-31,102,WidgetC,40.71,0,6
2022-05-31,103,WidgetA,24.29,0,14
2022-05-31,103,WidgetB,45.14,0,18
2022-05-31,103,WidgetC,20.48,0,23
2022-06-01,101,WidgetA,47.74,0,21
2022-06-01,101,WidgetB,11.97,0,28
2022-06-01,101,WidgetC,27.56,0,20
2022-06-01,102,WidgetA,37.59,0,3
2022-06-01,102,WidgetB,30.23,1,21
2022-06-01,102,WidgetC,37.81,0,22
2022-06-01,103,WidgetA,46.68,0,13
2022-06-01,103,WidgetB,23.32,0,3
2022-06-01,103,WidgetC,42.42,0,23
2022-06-02,101,WidgetA,13.99,0,17
2022-06-02,101,WidgetB,13.0,1,27
2022-06-02,101,WidgetC,40.22,0,22
2022-06-02,102,WidgetA,32.15,1,16
2022-06-02,102,WidgetB,29.32,0,19
2022-06-02,102,WidgetC,31.08,0,25
2022-06-02,103,WidgetA,33.77,0,4
2022-06-02,103,WidgetB,36.7,0,13
2022-06-02,103,WidgetC,25.57,0,18
2022-06-03,101,WidgetA,47.17,0,16
2022-06-03,101,WidgetB,20.98,1,7
2022-06-03,101,WidgetC,30.78,0,5
2022-06-03,102,WidgetA,14.66,0,3
2022-06-03,102,WidgetB,38.82,0,24
2022-06-03,102,WidgetC,35.5,0,6
2022-06-03,103,WidgetA,23.62,0,6
2022-06-03,103,WidgetB,39.0,0,18
2022-06-03,103,WidgetC,33.13,0,17
2022-06-04,101,WidgetA,13.36,0,2
2022-06-04,101,WidgetB,11.55,0,6
2022-06-04,101,WidgetC,49.88,0,23
2022-06-04,102,WidgetA,43.33,0,23
2022-06-04,102,WidgetB,15.81,0,16
2022-06-04,102,WidgetC,11.2,0,30
2022-06-04,103,WidgetA,42.76,0,6
2022-06-04,103,WidgetB,46.9,1,18
2022-06-04,103,WidgetC,28.57,0,26
2022-06-05,101,WidgetA,26.91,0,23
2022-06-05,101,WidgetB,40.53,1,5
2022-06-05,101,WidgetC,25.96,1,4
2022-06-05,102,WidgetA,30.53,1,5
2022-06-05,102,WidgetB,38.65,0,6
2022-06-05,102,WidgetC,28.44,0,26
2022-06-05,103,WidgetA,36.3,1,32
2022-06-05,103,WidgetB,34.04,1,16
2022-06-05,103,WidgetC,30.83,0,21
2022-06-06,101,WidgetA,22.92,0,19
2022-06-06,101,WidgetB,48.47,0,19
2022-06-06,101,WidgetC,26.29,0,21
2022-06-06,102,WidgetA,15.39,0,8
2022-06-06,102,WidgetB,48.4,1,15
2022-06-06,102,WidgetC,21.43,0,7
2022-06-06,103,WidgetA,20.96,0,2
2022-06-06,103,WidgetB,27.17,0,4
2022-06-06,103,WidgetC,48.16,1,13
2022-06-07,101,WidgetA,48.4,0,29
2022-06-07,101,WidgetB,33.97,0,12
2022-06-07,101,WidgetC,37.48,1,11
2022-06-07,102,WidgetA,10.94,0,27
2022-06-07,102,WidgetB,15.1,0,20
2022-06-07,102,WidgetC,45.98,1,26
2022-06-07,103,WidgetA,39.47,0,4
2022-06-07,103,WidgetB,14.02,0,18
2022-06-07,103,WidgetC,37.95,1,27
2022-06-08,101,WidgetA,28.01,0,16
2022-06-08,101,WidgetB,40.83,0,4
2022-06-08,101,WidgetC,37.5,0,9
2022-06-08,102,WidgetA,21.21,0,6
2022-06-08,102,WidgetB,31.65,0,8
2022-06-08,102,WidgetC,18.86,0,20
2022-06-08,103,WidgetA,47.95,1,13
2022-06-08,103,WidgetB,29.8,1,23
2022-06-08,103,WidgetC,20.1,1,5
2022-06-09,101,WidgetA,14.0,1,22
2022-06-09,101,WidgetB,18.39,1,19
2022-06-09,101,WidgetC,47.69,1,7
2022-06-09,102,WidgetA,35.31,1,19
2022-06-09,102,WidgetB,31.66,1,22
2022-06-09,102,WidgetC,14.5,0,16
2022-06-09,103,WidgetA,41.52,1,6
2022-06-09,103,WidgetB,30.21,0,24
2022-06-09,103,WidgetC,41.23,0,4
2022-06-10,101,WidgetA,45.05,0,7
2022-06-10,101,WidgetB,31.97,1,16
2022-06-10,101,WidgetC,25.12,0,2
2022-06-10,102,WidgetA,37.48,0,17
2022-06-10,102,WidgetB,26.29,0,15
2022-06-10,102,WidgetC,16.3,0,13
2022-06-10,103,WidgetA,12.83,0,9
2022-06-10,103,WidgetB,27.3,1,15
2022-06-10,103,WidgetC,21.63,0,2
2022-06-11,101,WidgetA,38.61,0,3
2022-06-11,101,WidgetB,48.82,1,17
2022-06-11,101,WidgetC,35.05,0,7
2022-06-11,102,WidgetA,39.43,0,27
2022-06-11,102,WidgetB,24.41,0,26
2022-06-11,102,WidgetC,46.73,1,26
2022-06-11,103,WidgetA,14.24,0,4
2022-06-11,103,WidgetB,17.45,0,20
2022-06-11,103,WidgetC,23.94,0,19
2022-06-12,101,WidgetA,27.11,1,6
2022-06-12,101,WidgetB,34.36,0,5
2022-06-12,101,WidgetC,28.78,1,19
2022-06-12,102,WidgetA,34.42,1,12
2022-06-12,102,WidgetB,45.63,0,30
2022-06-12,102,WidgetC,47.34,0,19
2022-06-12,103,WidgetA,35.37,1,4
2022-06-12,103,WidgetB,23.37,0,3
2022-06-12,103,WidgetC,47.85,1,22
2022-06-13,101,WidgetA,14.28,0,21
2022-06-13,101,WidgetB,12.89,0,18
2022-06-13,101,WidgetC,34.83,1,25
2022-06-13,102,WidgetA,14.1,0,4
2022-06-13,102,WidgetB,18.84,0,14
2022-06-13,102,WidgetC,47.75,1,5
2022-06-13,103,WidgetA,25.88,0,20
2022-06-13,103,WidgetB,19.68,0,2
2022-06-13,103,WidgetC,36.15,1,20
2022-06-14,101,WidgetA,39.49,0,8
2022-06-14,101,WidgetB,12.86,0,18
2022-06-14,101,WidgetC,33.81,1,3
2022-06-14,102,WidgetA,36.59,0,3
2022-06-14,102,WidgetB,29.34,0,14
2022-06-14,102,WidgetC,36.89,1,21
2022-06-14,103,WidgetA,21.49,0,6
2022-06-14,103,WidgetB,32.41,0,3
2022-06-14,103,WidgetC,18.77,1,19
2022-06-15,101,WidgetA,25.52,0,12
2022-06-15,101,WidgetB,23.16,0,5
2022-06-15,101,WidgetC,25.32,1,19
2022-06-15,102,WidgetA,43.86,0,16
2022-06-15,102,WidgetB,31.28,1,16
2022-06-15,102,WidgetC,42.0,0,0
2022-06-15,103,WidgetA,28.04,0,17
2022-06-15,103,WidgetB,29.23,0,6
2022-06-15,103,WidgetC,15.53,1,16
2022-06-16,101,WidgetA,15.03,0,20
2022-06-16,101,WidgetB,39.85,0,22
2022-06-16,101,WidgetC,11.32,1,17
2022-06-16,102,WidgetA,41.7,0,5
2022-06-16,102,WidgetB,20.78,0,15
2022-06-16,102,WidgetC,47.01,0,16
2022-06-16,103,WidgetA,40.44,1,6
2022-06-16,103,WidgetB,49.81,0,18
2022-06-16,103,WidgetC,37.83,1,24
2022-06-17,101,WidgetA,18.45,0,2
2022-06-17,101,WidgetB,20.58,0,28
2022-06-17,101,WidgetC,26.59,1,16
2022-06-17,102,WidgetA,37.03,0,23
2022-06-17,102,WidgetB,49.46,0,8
2022-06-17,102,WidgetC,35.45,1,15
2022-06-17,103,WidgetA,41.67,0,24
2022-06-17,103,WidgetB,26.37,1,2
2022-06-17,103,WidgetC,45.6,0,23
2022-06-18,101,WidgetA,26.27,1,21
2022-06-18,101,WidgetB,35.84,1,5
2022-06-18,101,WidgetC,16.2,1,28
2022-06-18,102,WidgetA,37.72,0,15
2022-06-18,102,WidgetB,30.67,0,2
2022-06-18,102,WidgetC,24.89,1,19
2022-06-18,103,WidgetA,24.62,1,6
2022-06-18,103,WidgetB,42.47,1,13
2022-06-18,103,WidgetC,37.19,1,2
2022-06-19,101,WidgetA,32.34,1,25
2022-06-19,101,WidgetB,16.74,0,27
2022-06-19,101,WidgetC,34.26,0,14
2022-06-19,102,WidgetA,11.18,0,7
2022-06-19,102,WidgetB,45.74,1,1
2022-06-19,102,WidgetC,22.14,0,22
2022-06-19,103,WidgetA,39.97,1,2
2022-06-19,103,WidgetB,20.14,0,6
2022-06-19,103,WidgetC,23.98,1,22
2022-06-20,101,WidgetA,33.52,0,21
2022-06-20,101,WidgetB,32.62,1,3
2022-06-20,101,WidgetC,48.28,0,15
2022-06-20,102,WidgetA,43.21,1,18
2022-06-20,102,WidgetB,22.48,1,21
2022-06-20,102,WidgetC,21.74,0,19
2022-06-20,103,WidgetA,28.84,1,7
2022-06-20,103,WidgetB,34.29,0,26
2022-06-20,103,WidgetC,47.11,0,16
2022-06-21,101,WidgetA,20.41,0,2
2022-06-21,101,WidgetB,16.09,1,22
2022-06-21,101,WidgetC,10.21,1,27
2022-06-21,102,WidgetA,23.79,1,4
2022-06-21,102,WidgetB,32.33,1,16
2022-06-21,102,WidgetC,40.29,1,19
2022-06-21,103,WidgetA,26.39,0,19
2022-06-21,103,WidgetB,31.07,0,2
2022-06-21,103,WidgetC,15.93,0,24
2022-06-22,101,WidgetA,45.76,1,22
2022-06-22,101,WidgetB,49.32,0,5
2022-06-22,101,WidgetC,29.88,0,23
2022-06-22,102,WidgetA,40.29,0,7
2022-06-22,102,WidgetB,16.73,1,23
2022-06-22,102,WidgetC,20.45,0,15
2022-06-22,103,WidgetA,11.43,1,13
2022-06-22,103,WidgetB,14.1,0,2
2022-06-22,103,WidgetC,45.63,1,9
2022-06-23,101,WidgetA,10.58,0,21
2022-06-23,101,WidgetB,11.27,0,19
2022-06-23,101,WidgetC,41.19,1,26
2022-06-23,102,WidgetA,45.55,0,3
2022-06-23,102,WidgetB,19.27,1,21
2022-06-23,102,WidgetC,28.97,0,14
2022-06-23,103,WidgetA,23.78,0,20
2022-06-23,103,WidgetB,30.53,0,5
2022-06-23,103,WidgetC,28.82,0,22
2022-06-24,101,WidgetA,43.97,1,3
2022-06-24,101,WidgetB,45.55,0,23
2022-06-24,101,WidgetC,18.06,0,15
2022-06-24,102,WidgetA,22.86,0,2
2022-06-24,102,WidgetB,35.17,1,14
2022-06-24,102,WidgetC,46.25,1,17
2022-06-24,103,WidgetA,13.65,0,32
2022-06-24,103,WidgetB,10.74,0,24
2022-06-24,103,WidgetC,20.47,0,26
2022-06-25,101,WidgetA,41.98,0,18
2022-06-25,101,WidgetB,20.98,0,4
2022-06-25,101,WidgetC,41.49,1,3
2022-06-25,102,WidgetA,47.41,0,20
2022-06-25,102,WidgetB,13.36,0,25
2022-06-25,102,WidgetC,28.84,0,19
2022-06-25,103,WidgetA,27.29,1,7
2022-06-25,103,WidgetB,47.02,1,2
2022-06-25,103,WidgetC,34.76,0,22
2022-06-26,101,WidgetA,49.13,1,27
2022-06-26,101,WidgetB,15.12,1,8
2022-06-26,101,WidgetC,38.37,0,16
2022-06-26,102,WidgetA,17.63,0,2
2022-06-26,102,WidgetB,19.69,0,6
2022-06-26,102,WidgetC,41.45,0,18
2022-06-26,103,WidgetA,15.06,0,9
2022-06-26,103,WidgetB,42.84,0,8
2022-06-26,103,WidgetC,25.21,1,21
2022-06-27,101,WidgetA,24.6,1,20
2022-06-27,101,WidgetB,30.52,1,24
2022-06-27,101,WidgetC,20.17,1,15
2022-06-27,102,WidgetA,49.02,1,26
2022-06-27,102,WidgetB,35.86,0,6
2022-06-27,102,WidgetC,16.35,0,15
2022-06-27,103,WidgetA,33.62,0,7
2022-06-27,103,WidgetB,26.73,0,7
2022-06-27,103,WidgetC,43.51,0,6
2022-06-28,101,WidgetA,23.78,0,17
2022-06-28,101,WidgetB,25.77,0,19
2022-06-28,101,WidgetC,24.81,0,20
2022-06-28,102,WidgetA,48.96,1,8
2022-06-28,102,WidgetB,38.56,0,3
2022-06-28,102,WidgetC,37.79,1,2
2022-06-28,103,WidgetA,47.48,0,16
2022-06-28,103,WidgetB,19.42,0,15
2022-06-28,103,WidgetC,33.6,0,1
2022-06-29,101,WidgetA,39.56,0,19
2022-06-29,101,WidgetB,30.52,1,4
2022-06-29,101,WidgetC,29.77,0,23
2022-06-29,102,WidgetA,31.37,0,19
2022-06-29,102,WidgetB,40.57,0,5
2022-06-29,102,WidgetC,33.87,0,13
2022-06-29,103,WidgetA,29.16,0,23
2022-06-29,103,WidgetB,46.21,0,26
2022-06-29,103,WidgetC,16.37,0,21
